aliasUI,Count,Type,ID,Name,Search Key
九龍||Kowloon||九龙,9812,district,2999,Kowloon,districtId=2999
新界||New Territories,7845,district,3999,New Territories,districtId=3999
香港島||Hong Kong||香港岛,7149,district,1999,Hong Kong,districtId=1999
尖沙咀||Tsim Sha Tsui,1745,district,2008,Tsim Sha Tsui,districtId=2008
元朗||Yuen Long,1209,district,3003,Yuen Long,districtId=3003
旺角||Mong Kok,1136,district,2010,Mong Kok,districtId=2010
中環||Central||中环,1123,district,1003,Central,districtId=1003
銅鑼灣||Causeway Bay||铜锣湾,1117,district,1019,Causeway Bay,districtId=1019
荃灣||Tsuen Wan||荃湾,1092,district,3018,Tsuen Wan,districtId=3018
灣仔||Wan Chai||湾仔,1067,district,1022,Wan Chai,districtId=1022
屯門||Tuen Mun||屯门,1028,district,3005,Tuen Mun,districtId=3005
尖沙咀站||Tsim Sha Tsui Station,927,station,3003,Tsim Sha Tsui Station,landmarkId=3003
銅鑼灣站||Causeway Bay Station||铜锣湾站,923,station,1005,Causeway Bay Station,landmarkId=1005
觀塘||Kwun Tong||观塘,818,district,2026,Kwun Tong,districtId=2026
離島||Outlying Islands||离岛,735,district,4999,Outlying Islands,districtId=4999
沙田||Sha Tin,631,district,3007,Sha Tin,districtId=3007
深水埗||Sham Shui Po,618,district,2019,Sham Shui Po,districtId=2019
西環||Western District||西环,611,district,1008,Western District,districtId=1008
紅磡||Hung Hom||红磡,593,district,2015,Hung Hom,districtId=2015
大埔||Tai Po,573,district,3002,Tai Po,districtId=3002
將軍澳||Tseung Kwan O||将军澳,542,district,3020,Tseung Kwan O,districtId=3020
佐敦||Jordan,536,district,2028,Jordan,districtId=2028
上環||Sheung Wan||上环,478,district,1001,Sheung Wan,districtId=1001
葵涌||Kwai Chung,464,district,3019,Kwai Chung,districtId=3019
北角||North Point,449,district,1004,North Point,districtId=1004
九龍灣||Kowloon Bay||九龙湾,438,district,2003,Kowloon Bay,districtId=2003
大角咀||Tai Kok Tsui,417,district,2005,Tai Kok Tsui,districtId=2005
土瓜灣||To Kwa Wan||土瓜湾,369,district,2004,To Kwa Wan,districtId=2004
太子||Prince Edward,361,district,2029,Prince Edward,districtId=2029
九龍城||Kowloon City||九龙城,360,district,2001,Kowloon City,districtId=2001
長沙灣||Cheung Sha Wan||长沙湾,360,district,2013,Cheung Sha Wan,districtId=2013
天水圍||Tin Shui Wai||天水围,311,district,3004,Tin Shui Wai,districtId=3004
尖東站||East Tsim Sha Tsui Station||尖东站,279,station,8002,East Tsim Sha Tsui Station,landmarkId=8002
西貢||Sai Kung||西贡,275,district,3006,Sai Kung,districtId=3006
粉嶺||Fanling||粉岭,272,district,3008,Fanling,districtId=3008
油麻地||Yau Ma Tei,269,district,2011,Yau Ma Tei,districtId=2011
葵芳||Kwai Fong,260,district,3015,Kwai Fong,districtId=3015
上水||Sheung Shui,257,district,3001,Sheung Shui,districtId=3001
柴灣||Chai Wan||柴湾,246,district,1013,Chai Wan,districtId=1013
鰂魚涌||Quarry Bay||鲗鱼涌,243,district,1014,Quarry Bay,districtId=1014
大圍||Tai Wai||大围,242,district,3012,Tai Wai,districtId=3012
馬鞍山||Ma On Shan||马鞍山,237,district,3009,Ma On Shan,districtId=3009
新蒲崗||San Po Kong||新蒲岗,234,district,2022,San Po Kong,districtId=2022
荔枝角||Lai Chi Kok,214,district,2016,Lai Chi Kok,districtId=2016
黃埔站||Whampoa Station||黄埔站,213,station,35207,Whampoa Station,landmarkId=35207
香港仔||Aberdeen,205,district,1012,Aberdeen,districtId=1012
旺角站||Mong Kok Station,205,station,2002,Mong Kok Station,landmarkId=2002
何文田站||Ho Man Tin Station,204,station,35208,Ho Man Tin Station,landmarkId=35208
筲箕灣||Shau Kei Wan||筲箕湾,202,district,1018,Shau Kei Wan,districtId=1018
黃大仙||Wong Tai Sin||黄大仙,190,district,2020,Wong Tai Sin,districtId=2020
青衣||Tsing Yi,186,district,3017,Tsing Yi,districtId=3017
蘇豪||Soho||苏豪,183,district,-9006,Soho,districtId=-9006
金鐘||Admiralty||金钟,179,district,1011,Admiralty,districtId=1011
天后||Tin Hau,171,district,1026,Tin Hau,districtId=1026
太古||Tai Koo,161,district,1023,Tai Koo,districtId=1023
長洲||Cheung Chau||长洲,161,district,4004,Cheung Chau,districtId=4004
西灣河||Sai Wan Ho||西湾河,150,district,1009,Sai Wan Ho,districtId=1009
藍田||Lam Tin||蓝田,145,district,2024,Lam Tin,districtId=2024
牛頭角||Ngau Tau Kok||牛头角,139,district,2006,Ngau Tau Kok,districtId=2006
赤鱲角||Chek Lap Kok||赤腊角,136,district,4002,Chek Lap Kok,districtId=4002
海港城||Harbour City,127,mall,2,Harbour City,landmarkId=2
跑馬地||Happy Valley||跑马地,120,district,1017,Happy Valley,districtId=1017
蘭桂坊||Lan Kwai Fong||兰桂坊,119,district,-9007,Lan Kwai Fong,districtId=-9007
觀塘站||Kwun Tong Station||观塘站,119,station,2012,Kwun Tong Station,landmarkId=2012
東涌||Tung Chung||东涌,114,district,4009,Tung Chung,districtId=4009
鴨脷洲||Ap Lei Chau||鸭脷洲,112,district,1020,Ap Lei Chau,districtId=1020
女人街||Ladies' Market,112,mall,9321,Ladies' Market,landmarkId=9321
九龍塘||Kowloon Tong||九龙塘,111,district,2002,Kowloon Tong,districtId=2002
火炭||Fo Tan,111,district,3013,Fo Tan,districtId=3013
大嶼山||Lantau Island||大屿山,109,district,4001,Lantau Island,districtId=4001
金鐘站||Admiralty Station||金钟站,109,station,1003,Admiralty Station,landmarkId=1003
西九龍中心||Dragon Centre||西九龙中心,108,mall,59,Dragon Centre,landmarkId=59
油麻地站||Yau Ma Tei Station,107,station,2001,Yau Ma Tei Station,landmarkId=2001
葵涌廣場||Kwai Chung Plaza||葵涌广场,106,mall,69,Kwai Chung Plaza,landmarkId=69
油塘||Yau Tong,103,district,2012,Yau Tong,districtId=2012
何文田||Ho Man Tin,102,district,2009,Ho Man Tin,districtId=2009
西營盤站||Sai Ying Pun Station||西营盘站,102,station,35169,Sai Ying Pun Station,landmarkId=35169
新都城中心||MCP,101,mall,35,MCP,landmarkId=35
荔枝角站||Lai Chi Kok Station,100,station,3010,Lai Chi Kok Station,landmarkId=3010
大坑||Tai Hang,98,district,1025,Tai Hang,districtId=1025
美孚||Mei Foo,96,district,2031,Mei Foo,districtId=2031
石硤尾||Shek Kip Mei||石硖尾,95,district,2007,Shek Kip Mei,districtId=2007
黃竹坑||Wong Chuk Hang||黄竹坑,93,district,1027,Wong Chuk Hang,districtId=1027
太古站||Tai Koo Station,93,station,1010,Tai Koo Station,landmarkId=1010
太古坊||TaiKoo Place,91,mall,9493,TaiKoo Place,landmarkId=9493
新城市廣場||New Town Plaza||新城市广场,88,mall,12,New Town Plaza,landmarkId=12
慈雲山||Tsz Wan Shan||慈云山,86,district,2021,Tsz Wan Shan,districtId=2021
廟街||Temple Street||庙街,85,mall,9322,Temple Street,landmarkId=9322
德福廣場||Telford Plaza||德福广场,83,mall,20,Telford Plaza,landmarkId=20
薄扶林||Pok Fu Lam,82,district,1021,Pok Fu Lam,districtId=1021
樂富||Lok Fu||乐富,82,district,2030,Lok Fu,districtId=2030
鑽石山||Diamond Hill||钻石山,81,district,2027,Diamond Hill,districtId=2027
國際金融中心||IFC ||国际金融中心,81,mall,1,IFC ,landmarkId=1
太古廣場||Pacific Place||太古广场,81,mall,5,Pacific Place,landmarkId=5
屯門市廣場||tmtplaza||屯门市广场,80,mall,42,tmtplaza,landmarkId=42
黃埔新天地||Wonderful Worlds of Whampoa||黄埔新天地,78,mall,9009,Wonderful Worlds of Whampoa,landmarkId=9009
南丫島||Lamma Island||南丫岛,77,district,4005,Lamma Island,districtId=4005
彩虹||Choi Hung,75,district,2032,Choi Hung,districtId=2032
新港城中心||Sunshine City Plaza,73,mall,84,Sunshine City Plaza,landmarkId=84
筲箕灣站||Shau Kei Wan Station||筲箕湾站,71,station,1012,Shau Kei Wan Station,landmarkId=1012
太子站||Prince Edward Station,70,station,2003,Prince Edward Station,landmarkId=2003
淘大商場||Amoy Plaza||淘大商场,68,mall,21,Amoy Plaza,landmarkId=21
太古城中心||Cityplaza,67,mall,10,Cityplaza,landmarkId=10
圓方||Elements||圆方,67,mall,11,Elements,landmarkId=11
朗豪坊||Langham Place,67,mall,4,Langham Place,landmarkId=4
九龍站||Kowloon Station||九龙站,67,station,5002,Kowloon Station,landmarkId=5002
荃新天地||Citywalk,67,mall,65,Citywalk,landmarkId=65
半山||Mid-Levels,66,district,1005,Mid-Levels,districtId=1005
嘉湖新北江商場||Kingswood Richly Plaza||嘉湖新北江商场,65,mall,29,Kingswood Richly Plaza,landmarkId=29
形點||YOHO Mall||形点,64,mall,35195,YOHO Mall,landmarkId=35195
大澳||Tai O,63,district,4010,Tai O,districtId=4010
創紀之城五期(apm)||apm Millennium City 5||创纪之城五期,63,mall,14,apm Millennium City 5,landmarkId=14
佐敦站||Jordan Station,62,station,3004,Jordan Station,landmarkId=3004
iSQUARE 國際廣場||iSQUARE||iSQUARE 国际广场,60,mall,265,iSQUARE,landmarkId=265
赤柱||Stanley,59,district,1010,Stanley,districtId=1010
K11,59,mall,261,K11,landmarkId=261
奧海城二期||Olympian City 2||奥海城二期,58,mall,27,Olympian City 2,landmarkId=27
時代廣場||Times Square||时代广场,58,mall,7,Times Square,landmarkId=7
屯門站||Tuen Mun Station||屯门站,57,station,8012,Tuen Mun Station,landmarkId=8012
諾士佛臺||Knutsford Terrace||诺士佛台,56,district,-9008,Knutsford Terrace,districtId=-9008
黃大仙站||Wong Tai Sin Station||黄大仙站,56,station,2007,Wong Tai Sin Station,landmarkId=2007
青衣站||Tsing Yi Station,56,station,5005,Tsing Yi Station,landmarkId=5005
香港站||Hong Kong Station,54,station,5001,Hong Kong Station,landmarkId=5001
又一城||Festival Walk,54,mall,8,Festival Walk,landmarkId=8
新世紀廣場||Moko||新世纪广场,53,mall,48,Moko,landmarkId=48
PopCorn,52,mall,9311,PopCorn,landmarkId=9311
機場客運大樓 (禁區)||Restricted Area - HKIA Terminal||机场客运大楼 (禁区),52,mall,9482,Restricted Area - HKIA Terminal,landmarkId=9482
鑽石山站||Diamond Hill Station||钻石山站,51,station,2008,Diamond Hill Station,landmarkId=2008
MegaBox,51,mall,9,MegaBox,landmarkId=9
康怡廣場||Kornhill Plaza||康怡广场,50,mall,31,Kornhill Plaza,landmarkId=31
銅鑼灣崇光百貨||Sogo (Causeway Bay)||崇光百货,49,mall,6,Sogo (Causeway Bay),landmarkId=6
深水埗站||Sham Shui Po Station,48,station,3008,Sham Shui Po Station,landmarkId=3008
東港城||East Point City||东港城,48,mall,36,East Point City,landmarkId=36
樂富廣場||Lok Fu Shopping Centre||乐富广场,48,mall,56,Lok Fu Shopping Centre,landmarkId=56
新都會廣場||Metroplaza||新都会广场,47,mall,68,Metroplaza,landmarkId=68
荷里活廣場||Plaza Hollywood||荷里活广场,47,mall,81,Plaza Hollywood,landmarkId=81
大本型||Domain,47,mall,9317,Domain,landmarkId=9317
青衣城||Maritime Square,45,mall,15,Maritime Square,landmarkId=15
希慎廣場||Hysan Place||希慎广场,45,mall,9314,Hysan Place,landmarkId=9314
荃灣站||Tsuen Wan Station||荃湾站,44,station,3016,Tsuen Wan Station,landmarkId=3016
利東站||Lei Tung Station||利东站,43,station,35212,Lei Tung Station,landmarkId=35212
寶琳站||Po Lam Station||宝琳站,42,station,4007,Po Lam Station,landmarkId=4007
荃灣千色匯||Kolour Tsuen Wan||荃湾千色汇,42,mall,66,Kolour Tsuen Wan,landmarkId=66
大埔墟街市及熟食中心||Tai Po Market Complex,41,mall,143,Tai Po Market Complex,landmarkId=143
荃灣廣場||Tsuen Wan Plaza||荃湾广场,41,mall,67,Tsuen Wan Plaza,landmarkId=67
大埔超級城||Tai Po Mega Mall||大埔超级城,40,mall,25,Tai Po Mega Mall,landmarkId=25
鯉魚門||Lei Yue Mun||鲤鱼门,39,district,2025,Lei Yue Mun,districtId=2025
深井||Sham Tseng,39,district,3010,Sham Tseng,districtId=3010
愉景灣||Discovery Bay||愉景湾,39,district,4006,Discovery Bay,districtId=4006
太和||Tai Wo,38,district,3014,Tai Wo,districtId=3014
置富嘉湖 (前嘉湖銀座)||Fortune Kingswood (Former: Kingswood Ginza)||置富嘉湖  (前嘉湖银座),38,mall,30,Fortune Kingswood (Former: Kingswood Ginza),landmarkId=30
The ONE,38,mall,9012,The ONE,landmarkId=9012
信德中心||Shun Tak Centre,38,mall,91,Shun Tak Centre,landmarkId=91
中環站||Central Station||中环站,37,station,1002,Central Station,landmarkId=1002
彩虹站||Choi Hung Station,37,station,2009,Choi Hung Station,landmarkId=2009
馬灣||Ma Wan||马湾,36,district,3022,Ma Wan,districtId=3022
海運大廈||Ocean Terminal||海运大厦,36,mall,3,Ocean Terminal,landmarkId=3
H.A.N.D.S,36,mall,35197,H.A.N.D.S,landmarkId=35197
灣仔站||Wan Chai Station||湾仔站,35,station,1004,Wan Chai Station,landmarkId=1004
北角站||North Point Station,35,station,1008,North Point Station,landmarkId=1008
奧運站||Olympic Station||奥运站,35,station,5003,Olympic Station,landmarkId=5003
機場一號客運大樓 (非禁區)||Non-Restricted Area - HKIA Terminal 1||机场一号客运大楼 (非禁区),35,mall,9480,Non-Restricted Area - HKIA Terminal 1,landmarkId=9480
機場二號客運大樓 (非禁區)||Non-Restricted Area - HKIA Terminal 2||机场二号客运大楼 (非禁区),35,mall,9481,Non-Restricted Area - HKIA Terminal 2,landmarkId=9481
藍田站||Lam Tin Station||蓝田站,34,station,2013,Lam Tin Station,landmarkId=2013
美麗華廣場1期||Mira Place One||美丽华广场1期,34,mall,41,Mira Place One,landmarkId=41
V City,33,mall,9335,V City,landmarkId=9335
悅來坊||Panda Place||悦来坊,32,mall,122,Panda Place,landmarkId=122
慈雲山中心||Tsz Wan Shan Shopping Centre||慈云山中心,32,mall,125,Tsz Wan Shan Shopping Centre,landmarkId=125
海洋公園||Ocean Park||海洋公园,32,mall,9320,Ocean Park,landmarkId=9320
坪洲||Ping Chau,31,district,4003,Ping Chau,districtId=4003
上環站||Sheung Wan Station||上环站,31,station,1001,Sheung Wan Station,landmarkId=1001
重慶大廈||Chungking Mansions||重庆大厦,31,mall,130,Chungking Mansions,landmarkId=130
新港中心||Silvercord Tower,31,mall,39,Silvercord Tower,landmarkId=39
香港迪士尼樂園||Hong Kong Disneyland||香港迪士尼乐园,31,mall,9318,Hong Kong Disneyland,landmarkId=9318
淺水灣||Repulse Bay||浅水湾,30,district,1015,Repulse Bay,districtId=1015
流浮山||Lau Fau shan,30,district,3016,Lau Fau shan,districtId=3016
旺角中心||Argyle Centre,30,mall,49,Argyle Centre,landmarkId=49
皇室堡||Windsor House,30,mall,76,Windsor House,landmarkId=76
愉景新城||D‧Park,29,mall,13,D‧Park,landmarkId=13
九龍灣站||Kowloon Bay Station||九龙湾站,29,station,2010,Kowloon Bay Station,landmarkId=2010
大埔廣場||Tai Po Plaza||大埔广场,29,mall,24,Tai Po Plaza,landmarkId=24
T Town,29,mall,35219,T Town,landmarkId=35219
堅尼地城站||Kennedy Town Station||坚尼地城站,29,station,9472,Kennedy Town Station,landmarkId=9472
D2 Place,29,mall,9495,D2 Place,landmarkId=9495
黃大仙中心南館||Temple Mall South||黄大仙中心南馆,28,mall,86,Temple Mall South,landmarkId=86
石澳||Shek O,27,district,1007,Shek O,districtId=1007
杏花邨||Heng Fa Chuen,27,district,1024,Heng Fa Chuen,districtId=1024
ac,27,mall,35175,ac,landmarkId=35175
中港城||China Hong Kong City,27,mall,37,China Hong Kong City,landmarkId=37
屯門時代廣場||The Trend Plaza||屯门时代广场,27,mall,43,The Trend Plaza,landmarkId=43
置富都會||The Metropolis Mall||置富都会,27,mall,61,The Metropolis Mall,landmarkId=61
世貿中心||World Trade Center||世贸中心,27,mall,73,World Trade Center,landmarkId=73
杏花邨站||Heng Fa Chuen Station,26,station,1013,Heng Fa Chuen Station,landmarkId=1013
黃竹坑站||Wong Chuk Hang Station||黄竹坑站,26,station,35211,Wong Chuk Hang Station,landmarkId=35211
天水圍站||Tin Shui Wai Station||天水围站,26,station,8010,Tin Shui Wai Station,landmarkId=8010
東廣場||E Plaza||东广场,25,mall,35203,E Plaza,landmarkId=35203
海洋公園站||Ocean Park Station||海洋公园站,25,station,35210,Ocean Park Station,landmarkId=35210
坑口站||Hang Hau Station,25,station,4006,Hang Hau Station,landmarkId=4006
綠楊坊||Luk Yeung Galleria||绿杨坊,25,mall,64,Luk Yeung Galleria,landmarkId=64
Fashion Walk,25,mall,9313,Fashion Walk,landmarkId=9313
數碼港||Cyberport||数码港,24,district,-9151,Cyberport,districtId=-9151
九龍城廣場||Kowloon City Plaza||九龙城广场,24,mall,19,Kowloon City Plaza,landmarkId=19
樂富站||Lok Fu Station||乐富站,24,station,2006,Lok Fu Station,landmarkId=2006
D Deck,24,mall,45,D Deck,landmarkId=45
南豐中心||Nan Fung Centre||南丰中心,24,mall,63,Nan Fung Centre,landmarkId=63
香港科學園||Hong Kong Science Park||香港科学园,23,mall,35201,Hong Kong Science Park,landmarkId=35201
粉嶺名都||Fanling Town Centre||粉岭名都,23,mall,60,Fanling Town Centre,landmarkId=60
利舞臺廣場||Lee Theatre Plaza||利舞台广场,23,mall,74,Lee Theatre Plaza,landmarkId=74
永光中心||Circle Tower,23,mall,9316,Circle Tower,landmarkId=9316
柴灣站||Chai Wan Station||柴湾站,22,station,1014,Chai Wan Station,landmarkId=1014
澳門逸園中心||Macau Yat Yuen Centre||澳门逸园中心,22,mall,151,Macau Yat Yuen Centre,landmarkId=151
置地廣場||The Landmark||置地广场,22,mall,18,The Landmark,landmarkId=18
始創中心||Pionner Centre||始创中心,22,mall,32,Pionner Centre,landmarkId=32
登打士廣場||Dundas Square||登打士广场,22,mall,51,Dundas Square,landmarkId=51
雅蘭中心||Grand Plaza||雅兰中心,22,mall,52,Grand Plaza,landmarkId=52
杏花新城||Paradise Mall,22,mall,53,Paradise Mall,landmarkId=53
銅鑼灣廣場二期||Causeway Bay Plaza 2||铜锣湾广场二期,22,mall,79,Causeway Bay Plaza 2,landmarkId=79
長沙灣廣場||Cheung Sha Wan Plaza||长沙湾广场,22,mall,82,Cheung Sha Wan Plaza,landmarkId=82
山頂||The Peak||山顶,21,district,1002,The Peak,districtId=1002
大鴻輝(荃灣)中心||Tai Hung Fai (Tsuen Wan) Centre||大鸿辉（荃湾）中心,21,mall,123,Tai Hung Fai (Tsuen Wan) Centre,landmarkId=123
銀城廣場||Ginza Plaza||银城广场,21,mall,142,Ginza Plaza,landmarkId=142
Mikiki,21,mall,35171,Mikiki,landmarkId=35171
H8,21,mall,35178,H8,landmarkId=35178
利東街||Lee Tung Avenue||利东街,21,mall,35215,Lee Tung Avenue,landmarkId=35215
將軍澳中心||Park Central||将军澳中心,20,mall,34,Park Central,landmarkId=34
東薈城名店倉||Citygate Outlets||东荟城名店仓,20,mall,54,Citygate Outlets,landmarkId=54
亨利中心||Henry House,19,mall,106,Henry House,landmarkId=106
合和中心||Hopewell Centre,19,mall,110,Hopewell Centre,landmarkId=110
調景嶺站||Tiu Keng Leng Station||调景岭站,19,station,2015,Tiu Keng Leng Station,landmarkId=2015
沙田站||Sha Tin Station,19,station,6005,Sha Tin Station,landmarkId=6005
麗港城||Laguna City||丽港城,19,mall,70,Laguna City,landmarkId=70
利園||Lee Gardens||利园,19,mall,90,Lee Gardens,landmarkId=90
元朗廣場||Yuen Long Plaza||元朗广场,19,mall,9310,Yuen Long Plaza,landmarkId=9310
連理街||the Lane||连理街,19,mall,9486,the Lane,landmarkId=9486
E-Max 國際展貿中心||E-Max HKITEC||E-Max 国际展贸中心,18,mall,124,E-Max HKITEC,landmarkId=124
美孚站||Mei Foo Station,18,station,3011,Mei Foo Station,landmarkId=3011
葵興站||Kwai Hing Station||葵兴站,18,station,3014,Kwai Hing Station,landmarkId=3014
蘇豪東||Soho East||苏豪东,18,mall,35177,Soho East,landmarkId=35177
星光行||Star House,18,mall,40,Star House,landmarkId=40
新翠商場||New Jade Garden Shopping Arcade||新翠商场,18,mall,55,New Jade Garden Shopping Arcade,landmarkId=55
昂坪360||Ngong Ping 360,18,mall,9319,Ngong Ping 360,landmarkId=9319
元創方||PMQ||元创方,17,mall,35172,PMQ,landmarkId=35172
Citylink,17,mall,58,Citylink,landmarkId=58
赤柱廣場||Stanley Plaza||赤柱广场,17,mall,71,Stanley Plaza,landmarkId=71
銅鑼灣廣場一期||Causeway Bay Plaza 1||铜锣湾广场一期,17,mall,78,Causeway Bay Plaza 1,landmarkId=78
黃大仙中心北館||Temple Mall North||黄大仙中心北馆,17,mall,87,Temple Mall North,landmarkId=87
海趣坊||Ocean Walk,17,mall,9488,Ocean Walk,landmarkId=9488
太子大廈||Prince's Building||太子大厦,16,mall,100,Prince's Building,landmarkId=100
西灣河站||Sai Wan Ho Station||西湾河站,16,station,1011,Sai Wan Ho Station,landmarkId=1011
新鴻基中心||Sun Hung Kai Center||新鸿基中心,16,mall,115,Sun Hung Kai Center,landmarkId=115
好景商業中心||Ho King Commercial Centre||好景商业中心,16,mall,141,Ho King Commercial Centre,landmarkId=141
葵芳站||Kwai Fong Station,16,station,3013,Kwai Fong Station,landmarkId=3013
大圍站||Tai Wai Station||大围站,16,station,6004,Tai Wai Station,landmarkId=6004
Lab Concept 金鐘廊||Lab Concept Queensway Plaza||Lab Concept 金钟廊,16,mall,72,Lab Concept Queensway Plaza,landmarkId=72
QRE Plaza,16,mall,9013,QRE Plaza,landmarkId=9013
京都廣場||Kyoto Plaza||京都广场,15,mall,109,Kyoto Plaza,landmarkId=109
上水廣場||Landmark North||上水广场,15,mall,16,Landmark North,landmarkId=16
長沙灣站||Cheung Sha Wan Station||长沙湾站,15,station,3009,Cheung Sha Wan Station,landmarkId=3009
The Pulse,15,mall,35176,The Pulse,landmarkId=35176
V Point,15,mall,35209,V Point,landmarkId=35209
創興廣場||Chong Hing Square||创兴广场,15,mall,47,Chong Hing Square,landmarkId=47
金百利廣場||Island Beverley||金百利广场,15,mall,77,Island Beverley,landmarkId=77
奧海城三期||Olympian City 3||奥海城三期,15,mall,9309,Olympian City 3,landmarkId=9309
灣景中心 (Brim 28) ||Causeway Centre (Brim 28)||湾景中心 (Brim 28) ,15,mall,9323,Causeway Centre (Brim 28),landmarkId=9323
尖沙咀中心||Tsim Sha Tsui Centre,14,mall,127,Tsim Sha Tsui Centre,landmarkId=127
何文田廣場||Homantin Plaza||何文田广场,14,mall,148,Homantin Plaza,landmarkId=148
莊士倫敦廣場||London Plaza||庄士伦敦广场,14,mall,22,London Plaza,landmarkId=22
奧海城一期||Olympian City 1||奥海城一期,14,mall,28,Olympian City 1,landmarkId=28
上水站||Sheung Shui Station,14,station,6012,Sheung Shui Station,landmarkId=6012
元朗站||Yuen Long Station,14,station,8008,Yuen Long Station,landmarkId=8008
馬鞍山廣場||Ma On Shan Plaza||马鞍山广场,14,mall,88,Ma On Shan Plaza,landmarkId=88
環球貿易廣場||ICC||环球贸易广场,14,mall,9315,ICC,landmarkId=9315
麗豪酒店||Regal Riverside Hotel||丽豪酒店,14,hotel,9347,Regal Riverside Hotel,landmarkId=9347
渣甸中心||Jardine Center,14,mall,9484,Jardine Center,landmarkId=9484
上環市政大廈||Sheung Wan Municipal Services Building And Civic Centre||上环市政大厦,14,mall,96,Sheung Wan Municipal Services Building And Civic Centre,landmarkId=96
港晶中心||Harbour Crystal Centre,13,mall,128,Harbour Crystal Centre,landmarkId=128
南洋中心||South Seas Centre,13,mall,157,South Seas Centre,landmarkId=157
油塘站||Yau Tong Station,13,station,2014,Yau Tong Station,landmarkId=2014
太和站||Tai Wo Station,13,station,6010,Tai Wo Station,landmarkId=6010
香港大學站||HKU Station||香港大学站,13,station,9471,HKU Station,landmarkId=9471
Midtown,13,mall,9492,Midtown,landmarkId=9492
新達廣場||Uptown Plaza||新达广场,12,mall,26,Uptown Plaza,landmarkId=26
加州大廈||California Tower||加州大厦,12,mall,35193,California Tower,landmarkId=35193
天晉匯||PopWalk ||天晋汇,12,mall,35202,PopWalk ,landmarkId=35202
東涌站||Tung Chung Station||东涌站,12,station,5006,Tung Chung Station,landmarkId=5006
沙田廣場||Shatin Plaza||沙田广场,12,mall,57,Shatin Plaza,landmarkId=57
紅磡站||Hung Hom Station||红磡站,12,station,6001,Hung Hom Station,landmarkId=6001
"數碼港商場||The Arcade, Cyberport||数码港商场",12,mall,83,"The Arcade, Cyberport",landmarkId=83
凌霄閣||The Peak Tower||凌霄阁,12,mall,9184,The Peak Tower,landmarkId=9184
無限極廣場||Infinitus Plaza ||无限极广场,12,mall,92,Infinitus Plaza ,landmarkId=92
君悅酒店||Grand Hyatt||君悦酒店,12,hotel,9351,Grand Hyatt,landmarkId=9351
香港喜來登酒店||Sheraton Hong Kong Hotel||香港喜来登酒店,12,hotel,9352,Sheraton Hong Kong Hotel,landmarkId=9352
英皇集團中心||Emperor Group Centre||英皇集团中心,11,mall,118,Emperor Group Centre,landmarkId=118
新太陽廣場||The Sun Arcade||新太阳广场,11,mall,135,The Sun Arcade,landmarkId=135
瓊華中心||King Wah Centre||琼华中心,11,mall,50,King Wah Centre,landmarkId=50
大埔墟站||Tai Po Market Station,11,station,6009,Tai Po Market Station,landmarkId=6009
朗屏站||Long Ping Station,11,station,8009,Long Ping Station,landmarkId=8009
兆康站||Siu Hong Station,11,station,8011,Siu Hong Station,landmarkId=8011
新港城廣場||Sunshine Bazaar||新港城广场,11,mall,89,Sunshine Bazaar,landmarkId=89
文華東方酒店||Mandarin Oriental||文华东方酒店,11,hotel,9339,Mandarin Oriental,landmarkId=9339
半島酒店||The Peninsula||半岛酒店,11,hotel,9345,The Peninsula,landmarkId=9345
深水灣||Deep Water Bay||深水湾,10,district,1016,Deep Water Bay,districtId=1016
鵝頸街市||Bowrington Road Market||鹅颈街市,10,mall,114,Bowrington Road Market,landmarkId=114
駱克道市政大廈||Lockhart Road Municipal Services Building||骆克道市政大厦,10,mall,119,Lockhart Road Municipal Services Building,landmarkId=119
和記大廈||Hutchison House||和记大厦,10,mall,154,Hutchison House,landmarkId=154
M88,10,mall,35173,M88,landmarkId=35173
將軍澳站||Tseung Kwan O Station||将军澳站,10,station,4005,Tseung Kwan O Station,landmarkId=4005
旺角東站||Mong Kok East Station||旺角东站,10,station,6002,Mong Kok East Station,landmarkId=6002
馬場站||Racecourse Station||马场站,10,station,6007,Racecourse Station,landmarkId=6007
帝苑酒店||The Royal Garden,10,hotel,9346,The Royal Garden,landmarkId=9346
富豪機場酒店||Regal Airport Hotel||富豪机场酒店,10,hotel,9359,Regal Airport Hotel,landmarkId=9359
柏廷坊||The Pemberton,10,mall,95,The Pemberton,landmarkId=95
交易廣場||Exchange Square||交易广场,10,mall,98,Exchange Square,landmarkId=98
落馬洲||Lok Ma Chau||落马洲,9,district,3021,Lok Ma Chau,districtId=3021
天后站||Tin Hau Station,9,station,1006,Tin Hau Station,landmarkId=1006
北京道1號||One Peking||北京道1号,9,mall,136,One Peking,landmarkId=136
天星碼頭||Star Ferry Pier||天星码头,9,mall,137,Star Ferry Pier,landmarkId=137
九龍塘站||Kowloon Tong Station||九龙塘站,9,station,2005,Kowloon Tong Station,landmarkId=2005
牛頭角站||Ngau Tau Kok Station||牛头角站,9,station,2011,Ngau Tau Kok Station,landmarkId=2011
Stanley 11,9,mall,35214,Stanley 11,landmarkId=35214
山頂廣場||Peak Galleria Shopping Centre||山顶广场,9,mall,44,Peak Galleria Shopping Centre,landmarkId=44
兆萬中心||CTMA Centre||兆万中心,9,mall,46,CTMA Centre,landmarkId=46
博覽館站||AsiaWorld-Expo Station||博览馆站,9,station,9005,AsiaWorld-Expo Station,landmarkId=9005
富豪九龍酒店||Regal Kowloon Hotel||富豪九龙酒店,9,hotel,9357,Regal Kowloon Hotel,landmarkId=9357
新世界大廈||New World Tower||新世界大厦,9,mall,97,New World Tower,landmarkId=97
萬宜大廈||Man Yee Building||万宜大厦,9,mall,99,Man Yee Building,landmarkId=99
海港中心||Harbour Centre,8,mall,117,Harbour Centre,landmarkId=117
好時中心||Houston Centre||好时中心,8,mall,131,Houston Centre,landmarkId=131
新屯門商場|| Sun Tuen Mun Shopping Centre||新屯门商场,8,mall,150, Sun Tuen Mun Shopping Centre,landmarkId=150
南豐廣場||Nan Fung Plaza||南丰广场,8,mall,33,Nan Fung Plaza,landmarkId=33
W Square,8,mall,35180,W Square,landmarkId=35180
海怡半島站||South Horizons Station||海怡半岛站,8,station,35213,South Horizons Station,landmarkId=35213
落馬洲站||Lok Ma Chau Station||落马洲站,8,station,6013,Lok Ma Chau Station,landmarkId=6013
JW萬豪酒店||JW Marriott Hotel||JW万豪酒店,8,hotel,9348,JW Marriott Hotel,landmarkId=9348
港麗酒店||Conrad||港丽酒店,8,hotel,9349,Conrad,landmarkId=9349
港島香格里拉酒店||Island Shangri-La||港岛香格里拉酒店,8,hotel,9350,Island Shangri-La,landmarkId=9350
千禧新世界香港酒店||New World Millennium Hong Kong Hotel,8,hotel,9353,New World Millennium Hong Kong Hotel,landmarkId=9353
香港洲際酒店||InterContinental Hong Kong||香港洲际酒店,8,hotel,9354,InterContinental Hong Kong,landmarkId=9354
麗思卡爾頓酒店||The Ritz-Carlton||丽思卡尔顿酒店,8,hotel,9365,The Ritz-Carlton,landmarkId=9365
柏寧酒店||The Park Lane||柏宁酒店,8,hotel,9368,The Park Lane,landmarkId=9368
The Mira,8,hotel,9369,The Mira,landmarkId=9369
海景嘉福酒店||InterContinental Grand Stanford Hotel,8,hotel,9380,InterContinental Grand Stanford Hotel,landmarkId=9380
駱克駅||Lhart||骆克駅,8,mall,9485,Lhart,landmarkId=9485
駿景廣場||Plaza Ascot||骏景广场,8,mall,9487,Plaza Ascot,landmarkId=9487
娛樂行||Entertainment Building||娱乐行,7,mall,102,Entertainment Building,landmarkId=102
美國銀行中心||Bank Of America Tower||美国银行中心,7,mall,103,Bank Of America Tower,landmarkId=103
會議展覽中心||Hong Kong Convention And Exhibition Centre||会议展览中心,7,mall,112,Hong Kong Convention And Exhibition Centre,landmarkId=112
新科技廣場||New Tech Plaza||新科技广场,7,mall,126,New Tech Plaza,landmarkId=126
永光商業大廈||Circle Plaza||永光商业大厦,7,mall,153,Circle Plaza,landmarkId=153
港威商場||Gateway Arcade||港威商场,7,mall,9010,Gateway Arcade,landmarkId=9010
新紀元廣場||Grand Millennium Plaza||新纪元广场,7,mall,93,Grand Millennium Plaza,landmarkId=93
香港四季酒店||Four Seasons Hotel Hong Kong,7,hotel,9342,Four Seasons Hotel Hong Kong,landmarkId=9342
帝都酒店||Royal Park Hotel,7,hotel,9356,Royal Park Hotel,landmarkId=9356
九龍香格里拉大酒店||Kowloon Shangri-La Hotel||九龙香格里拉大酒店,7,hotel,9358,Kowloon Shangri-La Hotel,landmarkId=9358
"香港朗廷酒店||The Langham, Hong Kong",7,hotel,9360,"The Langham, Hong Kong",landmarkId=9360
香港沙田萬怡酒店||Courtyard By Marriott Hong Kong Sha Tin Hotel||香港沙田万怡酒店,7,hotel,9467,Courtyard By Marriott Hong Kong Sha Tin Hotel,landmarkId=9467
1881 ||1881 Heritage,7,mall,9477,1881 Heritage,landmarkId=9477
炮台山站||Fortress Hill Station,6,station,1007,Fortress Hill Station,landmarkId=1007
怡和大廈||Jardine House||怡和大厦,6,mall,101,Jardine House,landmarkId=101
7號碼頭||Central Pier No.7||7号码头,6,mall,105,Central Pier No.7,landmarkId=105
金利文廣場||Richmond Plaza||金利文广场,6,mall,108,Richmond Plaza,landmarkId=108
石硤尾站||Shek Kip Mei Station||石硖尾站,6,station,2004,Shek Kip Mei Station,landmarkId=2004
港運城||Island Place||港运城,6,mall,23,Island Place,landmarkId=23
HomeSquare,6,mall,35218,HomeSquare,landmarkId=35218
粉嶺站||Fanling Station||粉岭站,6,station,6011,Fanling Station,landmarkId=6011
海逸坊||The Laguna Mall,6,mall,62,The Laguna Mall,landmarkId=62
沙田圍站||Sha Tin Wai Station||沙田围站,6,station,7003,Sha Tin Wai Station,landmarkId=7003
烏溪沙站||Wu Kai Sha Station||乌溪沙站,6,station,7009,Wu Kai Sha Station,landmarkId=7009
"香港康得思酒店||Cordis, Hong Kong at Langham Place",6,hotel,9355,"Cordis, Hong Kong at Langham Place",landmarkId=9355
怡東酒店||The Excelsior||怡东酒店,6,hotel,9361,The Excelsior,landmarkId=9361
香港黃金海岸酒店||Hong Kong Gold Coast Hotel||香港黄金海岸酒店,6,hotel,9378,Hong Kong Gold Coast Hotel,landmarkId=9378
唯港薈||Hotel ICON||唯港荟,6,hotel,9385,Hotel ICON,landmarkId=9385
嘉湖海逸酒店||Harbour Plaza Resort City,6,hotel,9391,Harbour Plaza Resort City,landmarkId=9391
蒲苔島||Po Toi Island||蒲苔岛,5,district,4011,Po Toi Island,districtId=4011
鰂魚涌站||Quarry Bay Station||鲗鱼涌站,5,station,1009,Quarry Bay Station,landmarkId=1009
大有廣場||Tai Yau Plaza||大有广场,5,mall,111,Tai Yau Plaza,landmarkId=111
The L. Place,5,mall,35170,The L. Place,landmarkId=35170
Cubus,5,mall,35179,Cubus,landmarkId=35179
如心廣場||Nina Tower||如心广场,5,mall,35200,Nina Tower,landmarkId=35200
石門站||Shek Mun Station||石门站,5,station,7005,Shek Mun Station,landmarkId=7005
黃金廣場||The Goldmark||黄金广场,5,mall,80,The Goldmark,landmarkId=80
富豪東方酒店||Regal Oriental Hotel||富豪东方酒店,5,hotel,9343,Regal Oriental Hotel,landmarkId=9343
金域假日酒店||Holiday Inn Golden Mile,5,hotel,9362,Holiday Inn Golden Mile,landmarkId=9362
帝京酒店||Royal Plaza Hotel,5,hotel,9363,Royal Plaza Hotel,landmarkId=9363
香港逸東酒店||Eaton Hong Kong||香港逸东酒店,5,hotel,9364,Eaton Hong Kong,landmarkId=9364
富豪香港酒店||Regal Hong Kong Hotel,5,hotel,9366,Regal Hong Kong Hotel,landmarkId=9366
都會海逸酒店||Harbour Plaza Metropolis||都会海逸酒店,5,hotel,9370,Harbour Plaza Metropolis,landmarkId=9370
沙田凱悅酒店||Hyatt Regency Hong Kong Shatin||沙田凯悦酒店,5,hotel,9371,Hyatt Regency Hong Kong Shatin,landmarkId=9371
港島海逸君綽酒店||Harbour Grand Hong Kong||港岛海逸君绰酒店,5,hotel,9372,Harbour Grand Hong Kong,landmarkId=9372
香港天際萬豪酒店||Hong Kong SkyCity Marriott Hotel||香港天际万豪酒店,5,hotel,9374,Hong Kong SkyCity Marriott Hotel,landmarkId=9374
九龍酒店||The Kowloon Hotel||九龙酒店,5,hotel,9375,The Kowloon Hotel,landmarkId=9375
香港諾富特世紀酒店||Novotel Century Hong Kong||香港诺富特世纪酒店,5,hotel,9377,Novotel Century Hong Kong,landmarkId=9377
馬哥孛羅香港酒店||Marco Polo Hong Kong Hotel||马哥孛罗香港酒店,5,hotel,9379,Marco Polo Hong Kong Hotel,landmarkId=9379
皇家太平洋酒店||The Royal Pacific Hotel,5,hotel,9384,The Royal Pacific Hotel,landmarkId=9384
帝景酒店||Royal View Hotel,5,hotel,9387,Royal View Hotel,landmarkId=9387
諾富特東薈城酒店||Novotel Citygate Hong Kong||诺富特东荟城酒店,5,hotel,9389,Novotel Citygate Hong Kong,landmarkId=9389
香港迪士尼樂園酒店||Hong Kong Disneyland Hotel||香港迪士尼乐园酒店,5,hotel,9394,Hong Kong Disneyland Hotel,landmarkId=9394
隆堡麗景酒店||Hotel Panorama by Rhombus||隆堡丽景酒店,5,hotel,9397,Hotel Panorama by Rhombus,landmarkId=9397
香港九龍東皇冠假日酒店||Crowne Plaza Hong Kong Kowloon East||香港九龙东皇冠假日酒店,5,hotel,9399,Crowne Plaza Hong Kong Kowloon East,landmarkId=9399
銅鑼灣利景酒店||The Charterhouse Causeway Bay Hotel||铜锣湾利景酒店,5,hotel,9401,The Charterhouse Causeway Bay Hotel,landmarkId=9401
數碼港艾美酒店||Le Meridien Cyberport||数码港艾美酒店,5,hotel,9404,Le Meridien Cyberport,landmarkId=9404
彌敦酒店||Nathan Hotel||弥敦酒店,5,hotel,9415,Nathan Hotel,landmarkId=9415
逸‧酒店||Hotel sáv,5,hotel,9476,Hotel sáv,landmarkId=9476
大會堂||City Hall||大会堂,4,mall,104,City Hall,landmarkId=104
基利商業大廈||Kelly Commercial Centre||基利商业大厦,4,mall,121,Kelly Commercial Centre,landmarkId=121
加拿芬廣場||Carnarvon Plaza||加拿芬广场,4,mall,129,Carnarvon Plaza,landmarkId=129
香港文化中心||Hong Kong Cultural Centre,4,mall,133,Hong Kong Cultural Centre,landmarkId=133
銀行中心||Bank Centre||银行中心,4,mall,139,Bank Centre,landmarkId=139
金雞廣場||Golden Era Plaza||金鸡广场,4,mall,140,Golden Era Plaza,landmarkId=140
荔景站||Lai King Station,4,station,3012,Lai King Station,landmarkId=3012
大窩口站||Tai Wo Hau Station||大窝口站,4,station,3015,Tai Wo Hau Station,landmarkId=3015
大學站||University Station||大学站,4,station,6008,University Station,landmarkId=6008
柯士甸站||Austin Station,4,station,8003,Austin Station,landmarkId=8003
馬鞍山中心||Ma On Shan Centre||马鞍山中心,4,mall,85,Ma On Shan Centre,landmarkId=85
九龍海逸君綽酒店||Harbour Grand Kowloon||九龙海逸君绰酒店,4,hotel,9367,Harbour Grand Kowloon,landmarkId=9367
悅來酒店||Panda Hotel||悦来酒店,4,hotel,9376,Panda Hotel,landmarkId=9376
九龍維景酒店||Metropark Hotel Kowloon||九龙维景酒店,4,hotel,9382,Metropark Hotel Kowloon,landmarkId=9382
尖沙咀凱悅酒店||Hyatt Regency Tsim Sha Tsui||尖沙咀凯悦酒店,4,hotel,9383,Hyatt Regency Tsim Sha Tsui,landmarkId=9383
W酒店||W Hong Kong,4,hotel,9386,W Hong Kong,landmarkId=9386
城景國際||The Cityview||城景国际,4,hotel,9395,The Cityview,landmarkId=9395
西港城||Western Market,4,mall,94,Western Market,landmarkId=94
北角海逸酒店||Harbour Plaza North Point,4,hotel,9402,Harbour Plaza North Point,landmarkId=9402
旺角維景酒店||Metropark Hotel Mongkok||旺角维景酒店,4,hotel,9407,Metropark Hotel Mongkok,landmarkId=9407
香港迪士尼好萊塢酒店||Disney’s Hollywood Hotel||香港迪士尼好莱坞酒店,4,hotel,9417,Disney’s Hollywood Hotel,landmarkId=9417
智選假日酒店||Holiday Inn Express||智选假日酒店,4,hotel,9446,Holiday Inn Express,landmarkId=9446
8度海逸酒店||Harbour Plaza 8 Degrees,4,hotel,9451,Harbour Plaza 8 Degrees,landmarkId=9451
羅湖||Lo Wu||罗湖,3,district,3011,Lo Wu,districtId=3011
胡忠大廈||Wu Chung House||胡忠大厦,3,mall,116,Wu Chung House,landmarkId=116
家樂坊||Gala Place||家乐坊,3,mall,120,Gala Place,landmarkId=120
美麗華廣場2期||Mira Place Two||美丽华广场2期,3,mall,156,Mira Place Two,landmarkId=156
迪士尼探索家度假酒店||Disney Explorers Lodge,3,hotel,35217,Disney Explorers Lodge,landmarkId=35217
康城站||LOHAS Park Station,3,station,4008,LOHAS Park Station,landmarkId=4008
火炭站||Fo Tan Station,3,station,6006,Fo Tan Station,landmarkId=6006
羅湖站||Lo Wu Station||罗湖站,3,station,6014,Lo Wu Station,landmarkId=6014
馬鞍山站||Ma On Shan Station||马鞍山站,3,station,7008,Ma On Shan Station,landmarkId=7008
錦上路站||Kam Sheung Road Station||锦上路站,3,station,8007,Kam Sheung Road Station,landmarkId=8007
宜必思香港中上環酒店||Ibis Hong Kong Central & Sheung Wan Hotel||宜必思香港中上环酒店,3,hotel,9337,Ibis Hong Kong Central & Sheung Wan Hotel,landmarkId=9337
隆堡蘭桂坊酒店||Hotel LKF by Rhombus||隆堡兰桂坊酒店,3,hotel,9341,Hotel LKF by Rhombus,landmarkId=9341
君怡酒店||The Kimberley Hotel,3,hotel,9381,The Kimberley Hotel,landmarkId=9381
萬麗海景酒店||Renaissance Harbour View Hotel||万丽海景酒店,3,hotel,9388,Renaissance Harbour View Hotel,landmarkId=9388
如心南灣海景酒店||L'hotel Island South||如心南湾海景酒店,3,hotel,9390,L'hotel Island South,landmarkId=9390
城市花園酒店||City Garden Hotel||城市花园酒店,3,hotel,9392,City Garden Hotel,landmarkId=9392
六國酒店||Luk Kwok Hotel||六国酒店,3,hotel,9393,Luk Kwok Hotel,landmarkId=9393
華美粵海酒店||Wharney Guang Dong Hotel||华美粤海酒店,3,hotel,9398,Wharney Guang Dong Hotel,landmarkId=9398
香港今旅酒店 ||Hotel Jen Hong Kong||香港今旅酒店,3,hotel,9400,Hotel Jen Hong Kong,landmarkId=9400
麗悅酒店||Cosmo Hotel||丽悦酒店,3,hotel,9403,Cosmo Hotel,landmarkId=9403
仕德福酒店||Stanford Hotel,3,hotel,9405,Stanford Hotel,landmarkId=9405
香港基督教青年會||YMCA||香港基督教青年会,3,hotel,9411,YMCA,landmarkId=9411
灣景國際||The Harbourview||湾景国际,3,hotel,9412,The Harbourview,landmarkId=9412
南洋酒店||South Pacific Hotel,3,hotel,9413,South Pacific Hotel,landmarkId=9413
愉景灣酒店||Auberge Discovery Bay||愉景湾酒店,3,hotel,9416,Auberge Discovery Bay,landmarkId=9416
銅鑼灣皇冠假日酒店||Crowne Plaza Hong Kong Causeway Bay||铜锣湾皇冠假日酒店,3,hotel,9419,Crowne Plaza Hong Kong Causeway Bay,landmarkId=9419
香港九龍東智選假日酒店||Holiday Inn Express Hong Kong Kowloon East||香港九龙东智选假日酒店,3,hotel,9423,Holiday Inn Express Hong Kong Kowloon East,landmarkId=9423
龍堡國際||B P International||龙堡国际,3,hotel,9428,B P International,landmarkId=9428
木的地酒店||Madera Hotel,3,hotel,9433,Madera Hotel,landmarkId=9433
麗都酒店||Cosmopolitan Hotel||丽都酒店,3,hotel,9438,Cosmopolitan Hotel,landmarkId=9438
港島太平洋酒店||Island Pacific Hotel||港岛太平洋酒店,3,hotel,9458,Island Pacific Hotel,landmarkId=9458
Casa酒店||Casa Hotel,3,hotel,9461,Casa Hotel,landmarkId=9461
恒福商場||Hanford Plaza||恒福商场,3,mall,9489,Hanford Plaza,landmarkId=9489
新都廣場||Metropolis Plaza||新都广场,2,mall,17,Metropolis Plaza,landmarkId=17
TKO Gateway,2,mall,35216,TKO Gateway,landmarkId=35216
第一城站||City One Station,2,station,7004,City One Station,landmarkId=7004
大水坑站||Tai Shui Hang Station,2,station,7006,Tai Shui Hang Station,landmarkId=7006
南昌站||Nam Cheong Station,2,station,8004,Nam Cheong Station,landmarkId=8004
荃灣西站||Tsuen Wan West Station||荃湾西站,2,station,8006,Tsuen Wan West Station,landmarkId=8006
置地文華東方酒店||The Landmark Mandarin Oriental||置地文华东方酒店,2,hotel,9340,The Landmark Mandarin Oriental,landmarkId=9340
朗逸酒店||Largos Hotel,2,hotel,9344,Largos Hotel,landmarkId=9344
太子酒店||Prince Hotel,2,hotel,9373,Prince Hotel,landmarkId=9373
如心海景酒店||L'hotel Nina Et Convention Centre,2,hotel,9406,L'hotel Nina Et Convention Centre,landmarkId=9406
九龍貝爾特酒店||Penta Hotel Kowloon||九龙贝尔特酒店,2,hotel,9409,Penta Hotel Kowloon,landmarkId=9409
如心銅鑼灣海景酒店||L'Hotel Causeway Bay Harbour View||如心铜锣湾海景酒店,2,hotel,9420,L'Hotel Causeway Bay Harbour View,landmarkId=9420
香港銅鑼灣維景酒店||Metropark Hotel Causeway Bay Hong Kong||香港铜锣湾维景酒店,2,hotel,9421,Metropark Hotel Causeway Bay Hong Kong,landmarkId=9421
帝樂文娜公館||The Luxe Manor||帝乐文娜公馆,2,hotel,9424,The Luxe Manor,landmarkId=9424
觀塘麗東酒店||Newton Place Hotel||观塘丽东酒店,2,hotel,9425,Newton Place Hotel,landmarkId=9425
香港珀麗酒店||Rosedale Hong Kong||香港珀丽酒店,2,hotel,9426,Rosedale Hong Kong,landmarkId=9426
香港百樂酒店||Park Hotel Hong Kong||香港百乐酒店,2,hotel,9427,Park Hotel Hong Kong,landmarkId=9427
東隅||EAST Hotel||东隅,2,hotel,9429,EAST Hotel,landmarkId=9429
海韻軒海景酒店||Harbourview Horizon||海韵轩海景酒店,2,hotel,9430,Harbourview Horizon,landmarkId=9430
香港粵海酒店||Guangdong Hotel Hong Kong||香港粤海酒店,2,hotel,9434,Guangdong Hotel Hong Kong,landmarkId=9434
九龍珀麗酒店||Rosedale Hotel Kowloon||九龙珀丽酒店,2,hotel,9437,Rosedale Hotel Kowloon,landmarkId=9437
梅窩酒店||Mui Wo Hotel||梅窝酒店,2,hotel,9441,Mui Wo Hotel,landmarkId=9441
九龍尖沙咀皇悅酒店||The Empire Hotel Kowloon - Tsim Sha Tsui||九龙尖沙咀皇悦酒店,2,hotel,9445,The Empire Hotel Kowloon - Tsim Sha Tsui,landmarkId=9445
九龍諾富特酒店||Novotel Nathan Road Kowloon Hong Kong||九龙诺富特酒店,2,hotel,9448,Novotel Nathan Road Kowloon Hong Kong,landmarkId=9448
港威酒店||Gateway Hotel,2,hotel,9454,Gateway Hotel,landmarkId=9454
銅鑼灣皇悅酒店||Empire Hotel Hong Kong - Causeway Bay||铜锣湾皇悦酒店,2,hotel,9455,Empire Hotel Hong Kong - Causeway Bay,landmarkId=9455
粵華酒店||The South China Hotel||粤华酒店,2,hotel,9457,The South China Hotel,landmarkId=9457
灣仔皇悅酒店||Empire Hotel Hong Kong - Wan Chai||湾仔皇悦酒店,2,hotel,9462,Empire Hotel Hong Kong - Wan Chai,landmarkId=9462
英皇駿景酒店||The Empire (Happy Valley) Hotel||英皇骏景酒店,2,hotel,9463,The Empire (Happy Valley) Hotel,landmarkId=9463
港島英迪格酒店||Hotel Indigo Hong Kong Island||港岛英迪格酒店,2,hotel,9464,Hotel Indigo Hong Kong Island,landmarkId=9464
最佳盛品酒店尖沙咀||Best Western Plus Hotel Kowloon,2,hotel,9466,Best Western Plus Hotel Kowloon,landmarkId=9466
恆豐酒店||Prudential Hotel||恒丰酒店,2,hotel,9469,Prudential Hotel,landmarkId=9469
美利樓||Murray House||美利楼,2,mall,9483,Murray House,landmarkId=9483
香港旺角薈賢居(如心酒店集團管理)||Lodgewood by L’hotel Mongkok Hong Kong||香港旺角荟贤居(如心酒店集团管理),1,hotel,35198,Lodgewood by L’hotel Mongkok Hong Kong,landmarkId=35198
機場站||Airport Station||机场站,1,station,9004,Airport Station,landmarkId=9004
香港蘇豪智選假日酒店||Holiday Inn Express Hong Kong Soho||香港苏豪智选假日酒店,1,hotel,9338,Holiday Inn Express Hong Kong Soho,landmarkId=9338
盛逸酒店||Maxen Harbour Hotel,1,hotel,9410,Maxen Harbour Hotel,landmarkId=9410
仕德福山景酒店||Stanford Hillview Hotel,1,hotel,9414,Stanford Hillview Hotel,landmarkId=9414
聖地牙哥酒店||San Diego Hotel||圣地牙哥酒店,1,hotel,9418,San Diego Hotel,landmarkId=9418
新樂酒店||Shamrock Hotel||新乐酒店,1,hotel,9422,Shamrock Hotel,landmarkId=9422
香港西九龍絲麗酒店||Silka West Kowloon Hotel Hong Kong||香港西九龙丝丽酒店,1,hotel,9431,Silka West Kowloon Hotel Hong Kong,landmarkId=9431
明愛張奧偉國際賓館||Caritas Oswald Cheung International House||明爱张奥伟国际宾馆,1,hotel,9432,Caritas Oswald Cheung International House,landmarkId=9432
如心艾朗酒店||L'hotel elan,1,hotel,9435,L'hotel elan,landmarkId=9435
王子酒店||King's Hotel,1,hotel,9440,King's Hotel,landmarkId=9440
萬怡酒店||Courtyard By Marriott||万怡酒店,1,hotel,9442,Courtyard By Marriott,landmarkId=9442
宏基國際賓館||Terrace Room||宏基国际宾馆,1,hotel,9443,Terrace Room,landmarkId=9443
女青園景軒酒店||YMCA Garden View Hotel||女青园景轩酒店,1,hotel,9444,YMCA Garden View Hotel,landmarkId=9444
九龍海灣酒店||Kowloon Harbourfront Hotel||九龙海湾酒店,1,hotel,9449,Kowloon Harbourfront Hotel,landmarkId=9449
奕居||The Upper House,1,hotel,9450,The Upper House,landmarkId=9450
影灣園||The Repulse Bay||影湾园,1,hotel,9453,The Repulse Bay,landmarkId=9453
香港宜必思世紀軒酒店||Ibis North Point Hotel Hong Kong||香港宜必思世纪轩酒店,1,hotel,9456,Ibis North Point Hotel Hong Kong,landmarkId=9456
香港銅鑼灣太平洋帆船酒店||The Vela Hong Kong Causeway Bay||香港铜锣湾太平洋帆船酒店,1,hotel,9459,The Vela Hong Kong Causeway Bay,landmarkId=9459
彩鴻酒店||Hotel Rainbow Hong Kong||彩鸿酒店,1,hotel,9460,Hotel Rainbow Hong Kong,landmarkId=9460
華麗海景酒店||Best Western Hotel Harbour View||华丽海景酒店,1,hotel,9465,Best Western Hotel Harbour View,landmarkId=9465
華麗酒店||Best Western Grand Hotel||华丽酒店,1,hotel,9468,Best Western Grand Hotel,landmarkId=9468
香港灣仔維景酒店||Metropark Hotel Wan Chai Hong Kong||香港湾仔维景酒店,1,hotel,9470,Metropark Hotel Wan Chai Hong Kong,landmarkId=9470
